product,description
Wireless Bluetooth Headphones,wireless bluetooth headphones with noise cancellation deep bass microphone rechargeable battery
Bluetooth Earbuds,true wireless bluetooth earbuds with charging case clear sound deep bass touch controls
Gaming Headset,gaming headset with surround sound noise cancellation microphone RGB lighting comfortable ear cushions
Smart Watch,smart watch with heart rate monitor fitness tracking sleep monitoring GPS AMOLED display
Fitness Band,fitness band with activity tracking heart rate monitor step counter sleep tracking waterproof design
Running Shoes,lightweight running shoes with breathable mesh upper cushioned sole comfortable running footwear
Sports Shoes,sports shoes with durable rubber sole breathable material comfortable athletic footwear
Casual Sneakers,casual sneakers with stylish design lightweight sole comfortable everyday footwear
Laptop,high performance laptop with Intel processor 16GB RAM SSD storage full HD display
Gaming Laptop,gaming laptop with powerful processor dedicated graphics card high refresh rate display 16GB RAM
Business Laptop,business laptop with lightweight design long battery life fast SSD professional keyboard
Mechanical Keyboard,mechanical gaming keyboard with RGB backlight tactile switches USB connection durable keys
Wireless Mouse,wireless mouse with ergonomic design adjustable DPI rechargeable battery smooth tracking
Gaming Mouse,gaming mouse with high precision sensor adjustable DPI RGB lighting programmable buttons
Smartphone,smartphone with AMOLED display powerful processor high resolution camera fast charging
Android Phone,android smartphone with large display powerful processor dual camera fast charging long battery
Tablet,tablet with large touchscreen display powerful processor long battery life lightweight design
Power Bank,portable power bank with high capacity fast charging USB ports compact lightweight design
USB Cable,USB charging cable with fast charging data transfer durable braided design
Bluetooth Speaker,portable bluetooth speaker with powerful sound deep bass waterproof design long battery
Smart TV,smart TV with 4K ultra HD display streaming applications WiFi connectivity Dolby audio
LED Monitor,LED monitor with full HD resolution high refresh rate slim bezel HDMI connectivity
4K Monitor,4K monitor with ultra HD resolution IPS panel high color accuracy HDMI DisplayPort
Digital Camera,digital camera with high resolution sensor optical zoom image stabilization 4K video
DSLR Camera,DSLR camera with interchangeable lens high resolution sensor optical viewfinder professional photography
Camera Lens,camera lens with optical zoom wide aperture image stabilization professional photography
Backpack,water resistant backpack with laptop compartment multiple pockets lightweight durable material
Laptop Bag,laptop bag with padded laptop compartment shoulder strap water resistant material professional design
Office Chair,ergonomic office chair with adjustable height lumbar support comfortable cushion breathable mesh
Gaming Chair,gaming chair with ergonomic backrest adjustable armrests lumbar support reclining design
Coffee Maker,automatic coffee maker with programmable settings fast brewing reusable filter compact design
Electric Kettle,electric kettle with rapid boiling stainless steel body automatic shut off temperature control
Air Purifier,air purifier with HEPA filter removes dust allergens pollutants quiet operation
Vacuum Cleaner,powerful vacuum cleaner with HEPA filter strong suction lightweight design multiple attachments
Refrigerator,energy efficient refrigerator with large storage capacity frost free cooling adjustable shelves
Microwave Oven,microwave oven with multiple cooking modes digital display timer compact kitchen design
Smart Bulb,smart LED bulb with WiFi connectivity adjustable brightness color control mobile application
LED Lamp,LED desk lamp with adjustable brightness flexible neck energy efficient eye protection
External SSD,portable external SSD with high speed data transfer compact design USB connectivity
Hard Drive,external hard drive with large storage capacity USB connectivity reliable data backup
Webcam,full HD webcam with built in microphone autofocus USB connectivity video conferencing
Router,dual band WiFi router with high speed connectivity multiple antennas parental controls
WiFi Extender,WiFi range extender with dual band connectivity improved wireless coverage easy setup
Printer,wireless printer with color printing scanning copying mobile connectivity compact design
Monitor Stand,adjustable monitor stand with ergonomic height adjustment sturdy metal construction
Desk,modern computer desk with spacious surface cable management sturdy metal frame
Water Bottle,stainless steel water bottle insulated design leak proof lid reusable lightweight
Travel Mug,insulated travel mug with stainless steel body leak proof lid hot and cold beverages
Yoga Mat,non slip yoga mat with cushioned surface lightweight waterproof material exercise fitness
Dumbbells,adjustable dumbbells with durable metal construction fitness strength training home workout
